prediction_id,model_run_id,match_id,prediction_created_at,data_cutoff,team_a,team_b,p_team_a_win,p_team_b_win,predicted_winner,confidence,upset_risk_index,actual_winner,correct,source_id,notes
pred_rmuc_2025_east_001,rmuc_2025_east_pre_event_v1,rmuc_2025_east_001,2026-05-09T09:42:41Z,2025-05-26,北京理工大学 追梦,大连理工大学 凌BUG,0.801897,0.198103,北京理工大学 追梦,0.801897,0.255539,大连理工大学 凌BUG,0,model_design_internal,feature_cutoff=2025-05-26;historical_results_year<2025;preseason_year<=2025_pre_cutoff;technical_awards_year<2025;rating_diff=167.975;team_a_profile=exact;team_b_profile=exact;team_a_evidence=15;team_b_evidence=14;team_a_school=北京理工大学;team_a_team=追梦;team_b_school=大连理工大学;team_b_team=凌BUG
pred_rmuc_2025_east_002,rmuc_2025_east_pre_event_v1,rmuc_2025_east_002,2026-05-09T09:42:41Z,2025-05-26,中北大学 5973,山东理工大学 齐奇,0.517884,0.482116,中北大学 5973,0.517884,0.528143,山东理工大学 齐奇,0,model_design_internal,feature_cutoff=2025-05-26;historical_results_year<2025;preseason_year<=2025_pre_cutoff;technical_awards_year<2025;rating_diff=8.832;team_a_profile=school_fallback;team_b_profile=exact;team_a_evidence=13;team_b_evidence=13;team_a_school=中北大学;team_a_team=5973;team_b_school=山东理工大学;team_b_team=齐奇
pred_rmuc_2025_east_003,rmuc_2025_east_pre_event_v1,rmuc_2025_east_003,2026-05-09T09:42:41Z,2025-05-26,齐鲁工业大学 Adam,东南大学 3SE,0.245555,0.754445,东南大学 3SE,0.754445,0.288649,齐鲁工业大学 Adam,0,model_design_internal,feature_cutoff=2025-05-26;historical_results_year<2025;preseason_year<=2025_pre_cutoff;technical_awards_year<2025;rating_diff=-132.515;team_a_profile=exact;team_b_profile=exact;team_a_evidence=11;team_b_evidence=14;team_a_school=齐鲁工业大学;team_a_team=Adam;team_b_school=东南大学;team_b_team=3SE
pred_rmuc_2025_east_004,rmuc_2025_east_pre_event_v1,rmuc_2025_east_004,2026-05-09T09:42:41Z,2025-05-26,北京科技大学 Reborn,山东科技大学 SmartRobot,0.686461,0.313539,北京科技大学 Reborn,0.686461,0.337359,山东科技大学 SmartRobot,0,model_design_internal,feature_cutoff=2025-05-26;historical_results_year<2025;preseason_year<=2025_pre_cutoff;technical_awards_year<2025;rating_diff=91.775;team_a_profile=exact;team_b_profile=exact;team_a_evidence=14;team_b_evidence=13;team_a_school=北京科技大学;team_a_team=Reborn;team_b_school=山东科技大学;team_b_team=SmartRobot
pred_rmuc_2025_east_005,rmuc_2025_east_pre_event_v1,rmuc_2025_east_005,2026-05-09T09:42:41Z,2025-05-26,东北大学 TDT,中国石油大学（北京） SPR,0.887962,0.112038,东北大学 TDT,0.887962,0.204861,东北大学 TDT,1,model_design_internal,feature_cutoff=2025-05-26;historical_results_year<2025;preseason_year<=2025_pre_cutoff;technical_awards_year<2025;rating_diff=281.370;team_a_profile=exact;team_b_profile=exact;team_a_evidence=14;team_b_evidence=14;team_a_school=东北大学;team_a_team=TDT;team_b_school=中国石油大学（北京）;team_b_team=SPR
pred_rmuc_2025_east_006,rmuc_2025_east_pre_event_v1,rmuc_2025_east_006,2026-05-09T09:42:41Z,2025-05-26,辽宁科技大学 COD,东华大学 DIODE,0.640377,0.359623,辽宁科技大学 COD,0.640377,0.381776,辽宁科技大学 COD,1,model_design_internal,feature_cutoff=2025-05-26;historical_results_year<2025;preseason_year<=2025_pre_cutoff;technical_awards_year<2025;rating_diff=67.995;team_a_profile=exact;team_b_profile=exact;team_a_evidence=15;team_b_evidence=10;team_a_school=辽宁科技大学;team_a_team=COD;team_b_school=东华大学;team_b_team=DIODE
pred_rmuc_2025_east_007,rmuc_2025_east_pre_event_v1,rmuc_2025_east_007,2026-05-09T09:42:41Z,2025-05-26,浙江理工大学 钱塘蛟,华中科技大学 狼牙,0.115940,0.884060,华中科技大学 狼牙,0.884060,0.255221,华中科技大学 狼牙,1,model_design_internal,feature_cutoff=2025-05-26;historical_results_year<2025;preseason_year<=2025_pre_cutoff;technical_awards_year<2025;rating_diff=-344.355;team_a_profile=exact;team_b_profile=exact;team_a_evidence=1;team_b_evidence=15;team_a_school=浙江理工大学;team_a_team=钱塘蛟;team_b_school=华中科技大学;team_b_team=狼牙
pred_rmuc_2025_east_008,rmuc_2025_east_pre_event_v1,rmuc_2025_east_008,2026-05-09T09:42:41Z,2025-05-26,宁波工程学院 New Legends,吉林大学 TARS_Go,0.108633,0.891367,吉林大学 TARS_Go,0.891367,0.214626,吉林大学 TARS_Go,1,model_design_internal,feature_cutoff=2025-05-26;historical_results_year<2025;preseason_year<=2025_pre_cutoff;technical_awards_year<2025;rating_diff=-373.140;team_a_profile=exact;team_b_profile=exact;team_a_evidence=4;team_b_evidence=15;team_a_school=宁波工程学院;team_a_team=New Legends;team_b_school=吉林大学;team_b_team=TARS_Go
pred_rmuc_2025_east_009,rmuc_2025_east_pre_event_v1,rmuc_2025_east_009,2026-05-09T09:42:41Z,2025-05-26,哈尔滨工业大学（威海） HERO,燕山大学 燕鹰,0.800318,0.199682,哈尔滨工业大学（威海） HERO,0.800318,0.256525,哈尔滨工业大学（威海） HERO,1,model_design_internal,feature_cutoff=2025-05-26;historical_results_year<2025;preseason_year<=2025_pre_cutoff;technical_awards_year<2025;rating_diff=166.635;team_a_profile=exact;team_b_profile=exact;team_a_evidence=14;team_b_evidence=14;team_a_school=哈尔滨工业大学（威海）;team_a_team=HERO;team_b_school=燕山大学;team_b_team=燕鹰
pred_rmuc_2025_east_010,rmuc_2025_east_pre_event_v1,rmuc_2025_east_010,2026-05-09T09:42:41Z,2025-05-26,中国矿业大学 CUBOT,青岛大学 未来,0.632998,0.367002,中国矿业大学 CUBOT,0.632998,0.387122,中国矿业大学 CUBOT,1,model_design_internal,feature_cutoff=2025-05-26;historical_results_year<2025;preseason_year<=2025_pre_cutoff;technical_awards_year<2025;rating_diff=64.270;team_a_profile=exact;team_b_profile=exact;team_a_evidence=14;team_b_evidence=11;team_a_school=中国矿业大学;team_a_team=CUBOT;team_b_school=青岛大学;team_b_team=未来
pred_rmuc_2025_east_011,rmuc_2025_east_pre_event_v1,rmuc_2025_east_011,2026-05-09T09:42:41Z,2025-05-26,同济大学 SuperPower,太原工业学院 火线,0.609421,0.390579,同济大学 SuperPower,0.609421,0.408876,太原工业学院 火线,0,model_design_internal,feature_cutoff=2025-05-26;historical_results_year<2025;preseason_year<=2025_pre_cutoff;technical_awards_year<2025;rating_diff=52.685;team_a_profile=exact;team_b_profile=exact;team_a_evidence=14;team_b_evidence=14;team_a_school=同济大学;team_a_team=SuperPower;team_b_school=太原工业学院;team_b_team=火线
pred_rmuc_2025_east_012,rmuc_2025_east_pre_event_v1,rmuc_2025_east_012,2026-05-09T09:42:41Z,2025-05-26,西安理工大学 NEXT E,首都师范大学 PIE,0.203584,0.796416,首都师范大学 PIE,0.796416,0.261084,首都师范大学 PIE,1,model_design_internal,feature_cutoff=2025-05-26;historical_results_year<2025;preseason_year<=2025_pre_cutoff;technical_awards_year<2025;rating_diff=-163.600;team_a_profile=exact;team_b_profile=exact;team_a_evidence=11;team_b_evidence=15;team_a_school=西安理工大学;team_a_team=NEXT E;team_b_school=首都师范大学;team_b_team=PIE
pred_rmuc_2025_east_013,rmuc_2025_east_pre_event_v1,rmuc_2025_east_013,2026-05-09T09:42:41Z,2025-05-26,上海工程技术大学 木鸢Birdiebot,上海科技大学 Magician,0.710360,0.289640,上海工程技术大学 木鸢Birdiebot,0.710360,0.318448,上海工程技术大学 木鸢Birdiebot,1,model_design_internal,feature_cutoff=2025-05-26;historical_results_year<2025;preseason_year<=2025_pre_cutoff;technical_awards_year<2025;rating_diff=105.110;team_a_profile=exact;team_b_profile=exact;team_a_evidence=14;team_b_evidence=13;team_a_school=上海工程技术大学;team_a_team=木鸢Birdiebot;team_b_school=上海科技大学;team_b_team=Magician
pred_rmuc_2025_east_014,rmuc_2025_east_pre_event_v1,rmuc_2025_east_014,2026-05-09T09:42:41Z,2025-05-26,浙江纺织服装职业技术学院 RoboFuture,南京理工大学 Alliance,0.171817,0.828183,南京理工大学 Alliance,0.828183,0.239508,浙江纺织服装职业技术学院 RoboFuture,0,model_design_internal,feature_cutoff=2025-05-26;historical_results_year<2025;preseason_year<=2025_pre_cutoff;technical_awards_year<2025;rating_diff=-192.580;team_a_profile=exact;team_b_profile=exact;team_a_evidence=13;team_b_evidence=14;team_a_school=浙江纺织服装职业技术学院;team_a_team=RoboFuture;team_b_school=南京理工大学;team_b_team=Alliance
pred_rmuc_2025_east_015,rmuc_2025_east_pre_event_v1,rmuc_2025_east_015,2026-05-09T09:42:41Z,2025-05-26,天津大学 北洋机甲,南京航空航天大学 长空御风,0.212707,0.787293,南京航空航天大学 长空御风,0.787293,0.264764,南京航空航天大学 长空御风,1,model_design_internal,feature_cutoff=2025-05-26;historical_results_year<2025;preseason_year<=2025_pre_cutoff;technical_awards_year<2025;rating_diff=-156.055;team_a_profile=exact;team_b_profile=exact;team_a_evidence=13;team_b_evidence=17;team_a_school=天津大学;team_a_team=北洋机甲;team_b_school=南京航空航天大学;team_b_team=长空御风
pred_rmuc_2025_east_016,rmuc_2025_east_pre_event_v1,rmuc_2025_east_016,2026-05-09T09:42:41Z,2025-05-26,河北工业大学 山海机甲,江苏大学 Aurora,0.500000,0.500000,河北工业大学 山海机甲,0.500000,0.871604,河北工业大学 山海机甲,1,model_design_internal,feature_cutoff=2025-05-26;historical_results_year<2025;preseason_year<=2025_pre_cutoff;technical_awards_year<2025;rating_diff=0.000;team_a_profile=exact;team_b_profile=exact;team_a_evidence=1;team_b_evidence=1;team_a_school=河北工业大学;team_a_team=山海机甲;team_b_school=江苏大学;team_b_team=Aurora
pred_rmuc_2025_east_017,rmuc_2025_east_pre_event_v1,rmuc_2025_east_017,2026-05-09T09:42:41Z,2025-05-26,山东科技大学 SmartRobot,大连理工大学 凌BUG,0.395334,0.604666,大连理工大学 凌BUG,0.604666,0.413960,山东科技大学 SmartRobot,0,model_design_internal,feature_cutoff=2025-05-26;historical_results_year<2025;preseason_year<=2025_pre_cutoff;technical_awards_year<2025;rating_diff=-50.390;team_a_profile=exact;team_b_profile=exact;team_a_evidence=13;team_b_evidence=14;team_a_school=山东科技大学;team_a_team=SmartRobot;team_b_school=大连理工大学;team_b_team=凌BUG
pred_rmuc_2025_east_018,rmuc_2025_east_pre_event_v1,rmuc_2025_east_018,2026-05-09T09:42:41Z,2025-05-26,山东理工大学 齐奇,华中科技大学 狼牙,0.316891,0.683109,华中科技大学 狼牙,0.683109,0.340115,华中科技大学 狼牙,1,model_design_internal,feature_cutoff=2025-05-26;historical_results_year<2025;preseason_year<=2025_pre_cutoff;technical_awards_year<2025;rating_diff=-89.965;team_a_profile=exact;team_b_profile=exact;team_a_evidence=13;team_b_evidence=15;team_a_school=山东理工大学;team_a_team=齐奇;team_b_school=华中科技大学;team_b_team=狼牙
pred_rmuc_2025_east_019,rmuc_2025_east_pre_event_v1,rmuc_2025_east_019,2026-05-09T09:42:41Z,2025-05-26,辽宁科技大学 COD,吉林大学 TARS_Go,0.352867,0.647133,吉林大学 TARS_Go,0.647133,0.371562,吉林大学 TARS_Go,1,model_design_internal,feature_cutoff=2025-05-26;historical_results_year<2025;preseason_year<=2025_pre_cutoff;technical_awards_year<2025;rating_diff=-71.265;team_a_profile=exact;team_b_profile=exact;team_a_evidence=15;team_b_evidence=15;team_a_school=辽宁科技大学;team_a_team=COD;team_b_school=吉林大学;team_b_team=TARS_Go
pred_rmuc_2025_east_020,rmuc_2025_east_pre_event_v1,rmuc_2025_east_020,2026-05-09T09:42:41Z,2025-05-26,东北大学 TDT,齐鲁工业大学 Adam,0.895976,0.104024,东北大学 TDT,0.895976,0.189024,东北大学 TDT,1,model_design_internal,feature_cutoff=2025-05-26;historical_results_year<2025;preseason_year<=2025_pre_cutoff;technical_awards_year<2025;rating_diff=406.125;team_a_profile=exact;team_b_profile=exact;team_a_evidence=14;team_b_evidence=11;team_a_school=东北大学;team_a_team=TDT;team_b_school=齐鲁工业大学;team_b_team=Adam
pred_rmuc_2025_east_021,rmuc_2025_east_pre_event_v1,rmuc_2025_east_021,2026-05-09T09:42:41Z,2025-05-26,中国石油大学（北京） SPR,东南大学 3SE,0.484309,0.515691,东南大学 3SE,0.515691,0.531729,东南大学 3SE,1,model_design_internal,feature_cutoff=2025-05-26;historical_results_year<2025;preseason_year<=2025_pre_cutoff;technical_awards_year<2025;rating_diff=-7.760;team_a_profile=exact;team_b_profile=exact;team_a_evidence=14;team_b_evidence=14;team_a_school=中国石油大学（北京）;team_a_team=SPR;team_b_school=东南大学;team_b_team=3SE
pred_rmuc_2025_east_022,rmuc_2025_east_pre_event_v1,rmuc_2025_east_022,2026-05-09T09:42:41Z,2025-05-26,东华大学 DIODE,宁波工程学院 New Legends,0.857815,0.142185,东华大学 DIODE,0.857815,0.248834,宁波工程学院 New Legends,0,model_design_internal,feature_cutoff=2025-05-26;historical_results_year<2025;preseason_year<=2025_pre_cutoff;technical_awards_year<2025;rating_diff=233.880;team_a_profile=exact;team_b_profile=exact;team_a_evidence=10;team_b_evidence=4;team_a_school=东华大学;team_a_team=DIODE;team_b_school=宁波工程学院;team_b_team=New Legends
pred_rmuc_2025_east_023,rmuc_2025_east_pre_event_v1,rmuc_2025_east_023,2026-05-09T09:42:41Z,2025-05-26,中北大学 6016,浙江理工大学 钱塘蛟,0.870211,0.129789,中北大学 6016,0.870211,0.271895,中北大学 6016,1,model_design_internal,feature_cutoff=2025-05-26;historical_results_year<2025;preseason_year<=2025_pre_cutoff;technical_awards_year<2025;rating_diff=263.222;team_a_profile=school_fallback;team_b_profile=exact;team_a_evidence=13;team_b_evidence=1;team_a_school=中北大学;team_a_team=6016;team_b_school=浙江理工大学;team_b_team=钱塘蛟
pred_rmuc_2025_east_024,rmuc_2025_east_pre_event_v1,rmuc_2025_east_024,2026-05-09T09:42:41Z,2025-05-26,北京科技大学 Reborn,北京理工大学 追梦,0.254332,0.745668,北京理工大学 追梦,0.745668,0.292612,北京理工大学 追梦,1,model_design_internal,feature_cutoff=2025-05-26;historical_results_year<2025;preseason_year<=2025_pre_cutoff;technical_awards_year<2025;rating_diff=-126.590;team_a_profile=exact;team_b_profile=exact;team_a_evidence=14;team_b_evidence=15;team_a_school=北京科技大学;team_a_team=Reborn;team_b_school=北京理工大学;team_b_team=追梦
pred_rmuc_2025_east_025,rmuc_2025_east_pre_event_v1,rmuc_2025_east_025,2026-05-09T09:42:41Z,2025-05-26,中国矿业大学 CUBOT,浙江纺织服装职业技术学院 RoboFuture,0.606698,0.393302,中国矿业大学 CUBOT,0.606698,0.411775,中国矿业大学 CUBOT,1,model_design_internal,feature_cutoff=2025-05-26;historical_results_year<2025;preseason_year<=2025_pre_cutoff;technical_awards_year<2025;rating_diff=51.370;team_a_profile=exact;team_b_profile=exact;team_a_evidence=14;team_b_evidence=13;team_a_school=中国矿业大学;team_a_team=CUBOT;team_b_school=浙江纺织服装职业技术学院;team_b_team=RoboFuture
pred_rmuc_2025_east_026,rmuc_2025_east_pre_event_v1,rmuc_2025_east_026,2026-05-09T09:42:41Z,2025-05-26,哈尔滨工业大学（威海） HERO,太原工业学院 火线,0.738429,0.261571,哈尔滨工业大学（威海） HERO,0.738429,0.297726,太原工业学院 火线,0,model_design_internal,feature_cutoff=2025-05-26;historical_results_year<2025;preseason_year<=2025_pre_cutoff;technical_awards_year<2025;rating_diff=121.975;team_a_profile=exact;team_b_profile=exact;team_a_evidence=14;team_b_evidence=14;team_a_school=哈尔滨工业大学（威海）;team_a_team=HERO;team_b_school=太原工业学院;team_b_team=火线
pred_rmuc_2025_east_027,rmuc_2025_east_pre_event_v1,rmuc_2025_east_027,2026-05-09T09:42:41Z,2025-05-26,南京航空航天大学 长空御风,上海工程技术大学 木鸢Birdiebot,0.815742,0.184258,南京航空航天大学 长空御风,0.815742,0.247011,南京航空航天大学 长空御风,1,model_design_internal,feature_cutoff=2025-05-26;historical_results_year<2025;preseason_year<=2025_pre_cutoff;technical_awards_year<2025;rating_diff=180.345;team_a_profile=exact;team_b_profile=exact;team_a_evidence=17;team_b_evidence=14;team_a_school=南京航空航天大学;team_a_team=长空御风;team_b_school=上海工程技术大学;team_b_team=木鸢Birdiebot
pred_rmuc_2025_east_028,rmuc_2025_east_pre_event_v1,rmuc_2025_east_028,2026-05-09T09:42:41Z,2025-05-26,首都师范大学 PIE,河北工业大学 山海机甲,0.884766,0.115234,首都师范大学 PIE,0.884766,0.251302,首都师范大学 PIE,1,model_design_internal,feature_cutoff=2025-05-26;historical_results_year<2025;preseason_year<=2025_pre_cutoff;technical_awards_year<2025;rating_diff=377.970;team_a_profile=exact;team_b_profile=exact;team_a_evidence=15;team_b_evidence=1;team_a_school=首都师范大学;team_a_team=PIE;team_b_school=河北工业大学;team_b_team=山海机甲
pred_rmuc_2025_east_029,rmuc_2025_east_pre_event_v1,rmuc_2025_east_029,2026-05-09T09:42:41Z,2025-05-26,西安理工大学 NEXT E,江苏大学 Aurora,0.834458,0.165542,西安理工大学 NEXT E,0.834458,0.323956,江苏大学 Aurora,0,model_design_internal,feature_cutoff=2025-05-26;historical_results_year<2025;preseason_year<=2025_pre_cutoff;technical_awards_year<2025;rating_diff=214.370;team_a_profile=exact;team_b_profile=exact;team_a_evidence=11;team_b_evidence=1;team_a_school=西安理工大学;team_a_team=NEXT E;team_b_school=江苏大学;team_b_team=Aurora
pred_rmuc_2025_east_030,rmuc_2025_east_pre_event_v1,rmuc_2025_east_030,2026-05-09T09:42:41Z,2025-05-26,天津大学 北洋机甲,上海科技大学 Magician,0.749981,0.250019,天津大学 北洋机甲,0.749981,0.289607,天津大学 北洋机甲,1,model_design_internal,feature_cutoff=2025-05-26;historical_results_year<2025;preseason_year<=2025_pre_cutoff;technical_awards_year<2025;rating_diff=129.400;team_a_profile=exact;team_b_profile=exact;team_a_evidence=13;team_b_evidence=13;team_a_school=天津大学;team_a_team=北洋机甲;team_b_school=上海科技大学;team_b_team=Magician
pred_rmuc_2025_east_031,rmuc_2025_east_pre_event_v1,rmuc_2025_east_031,2026-05-09T09:42:41Z,2025-05-26,燕山大学 燕鹰,同济大学 SuperPower,0.303382,0.696618,同济大学 SuperPower,0.696618,0.329167,同济大学 SuperPower,1,model_design_internal,feature_cutoff=2025-05-26;historical_results_year<2025;preseason_year<=2025_pre_cutoff;technical_awards_year<2025;rating_diff=-97.345;team_a_profile=exact;team_b_profile=exact;team_a_evidence=14;team_b_evidence=14;team_a_school=燕山大学;team_a_team=燕鹰;team_b_school=同济大学;team_b_team=SuperPower
pred_rmuc_2025_east_032,rmuc_2025_east_pre_event_v1,rmuc_2025_east_032,2026-05-09T09:42:41Z,2025-05-26,青岛大学 未来,南京理工大学 Alliance,0.160280,0.839720,南京理工大学 Alliance,0.839720,0.234770,南京理工大学 Alliance,1,model_design_internal,feature_cutoff=2025-05-26;historical_results_year<2025;preseason_year<=2025_pre_cutoff;technical_awards_year<2025;rating_diff=-205.480;team_a_profile=exact;team_b_profile=exact;team_a_evidence=11;team_b_evidence=14;team_a_school=青岛大学;team_a_team=未来;team_b_school=南京理工大学;team_b_team=Alliance
pred_rmuc_2025_east_033,rmuc_2025_east_pre_event_v1,rmuc_2025_east_033,2026-05-09T09:42:41Z,2025-05-26,吉林大学 TARS_Go,山东科技大学 SmartRobot,0.659647,0.340353,吉林大学 TARS_Go,0.659647,0.360216,山东科技大学 SmartRobot,0,model_design_internal,feature_cutoff=2025-05-26;historical_results_year<2025;preseason_year<=2025_pre_cutoff;technical_awards_year<2025;rating_diff=77.635;team_a_profile=exact;team_b_profile=exact;team_a_evidence=15;team_b_evidence=13;team_a_school=吉林大学;team_a_team=TARS_Go;team_b_school=山东科技大学;team_b_team=SmartRobot
pred_rmuc_2025_east_034,rmuc_2025_east_pre_event_v1,rmuc_2025_east_034,2026-05-09T09:42:41Z,2025-05-26,华中科技大学 狼牙,东北大学 TDT,0.114629,0.885371,东北大学 TDT,0.885371,0.206342,东北大学 TDT,1,model_design_internal,feature_cutoff=2025-05-26;historical_results_year<2025;preseason_year<=2025_pre_cutoff;technical_awards_year<2025;rating_diff=-275.570;team_a_profile=exact;team_b_profile=exact;team_a_evidence=15;team_b_evidence=14;team_a_school=华中科技大学;team_a_team=狼牙;team_b_school=东北大学;team_b_team=TDT
pred_rmuc_2025_east_035,rmuc_2025_east_pre_event_v1,rmuc_2025_east_035,2026-05-09T09:42:41Z,2025-05-26,大连理工大学 凌BUG,齐鲁工业大学 Adam,0.692765,0.307235,大连理工大学 凌BUG,0.692765,0.334382,大连理工大学 凌BUG,1,model_design_internal,feature_cutoff=2025-05-26;historical_results_year<2025;preseason_year<=2025_pre_cutoff;technical_awards_year<2025;rating_diff=95.315;team_a_profile=exact;team_b_profile=exact;team_a_evidence=14;team_b_evidence=11;team_a_school=大连理工大学;team_a_team=凌BUG;team_b_school=齐鲁工业大学;team_b_team=Adam
pred_rmuc_2025_east_036,rmuc_2025_east_pre_event_v1,rmuc_2025_east_036,2026-05-09T09:42:41Z,2025-05-26,辽宁科技大学 COD,山东理工大学 齐奇,0.521727,0.478273,辽宁科技大学 COD,0.521727,0.521968,辽宁科技大学 COD,1,model_design_internal,feature_cutoff=2025-05-26;historical_results_year<2025;preseason_year<=2025_pre_cutoff;technical_awards_year<2025;rating_diff=10.705;team_a_profile=exact;team_b_profile=exact;team_a_evidence=15;team_b_evidence=13;team_a_school=辽宁科技大学;team_a_team=COD;team_b_school=山东理工大学;team_b_team=齐奇
pred_rmuc_2025_east_037,rmuc_2025_east_pre_event_v1,rmuc_2025_east_037,2026-05-09T09:42:41Z,2025-05-26,宁波工程学院 New Legends,中北大学 6045,0.110604,0.889396,中北大学 6045,0.889396,0.225575,中北大学 6045,1,model_design_internal,feature_cutoff=2025-05-26;historical_results_year<2025;preseason_year<=2025_pre_cutoff;technical_awards_year<2025;rating_diff=-300.002;team_a_profile=exact;team_b_profile=school_fallback;team_a_evidence=4;team_b_evidence=13;team_a_school=宁波工程学院;team_a_team=New Legends;team_b_school=中北大学;team_b_team=6045
pred_rmuc_2025_east_038,rmuc_2025_east_pre_event_v1,rmuc_2025_east_038,2026-05-09T09:42:41Z,2025-05-26,北京理工大学 追梦,东南大学 3SE,0.752065,0.247935,北京理工大学 追梦,0.752065,0.288165,东南大学 3SE,0,model_design_internal,feature_cutoff=2025-05-26;historical_results_year<2025;preseason_year<=2025_pre_cutoff;technical_awards_year<2025;rating_diff=130.775;team_a_profile=exact;team_b_profile=exact;team_a_evidence=15;team_b_evidence=14;team_a_school=北京理工大学;team_a_team=追梦;team_b_school=东南大学;team_b_team=3SE
pred_rmuc_2025_east_039,rmuc_2025_east_pre_event_v1,rmuc_2025_east_039,2026-05-09T09:42:41Z,2025-05-26,浙江理工大学 钱塘蛟,中国石油大学（北京） SPR,0.116086,0.883914,中国石油大学（北京） SPR,0.883914,0.256034,中国石油大学（北京） SPR,1,model_design_internal,feature_cutoff=2025-05-26;historical_results_year<2025;preseason_year<=2025_pre_cutoff;technical_awards_year<2025;rating_diff=-338.555;team_a_profile=exact;team_b_profile=exact;team_a_evidence=1;team_b_evidence=14;team_a_school=浙江理工大学;team_a_team=钱塘蛟;team_b_school=中国石油大学（北京）;team_b_team=SPR
pred_rmuc_2025_east_040,rmuc_2025_east_pre_event_v1,rmuc_2025_east_040,2026-05-09T09:42:41Z,2025-05-26,东华大学 DIODE,北京科技大学 Reborn,0.216596,0.783404,北京科技大学 Reborn,0.783404,0.271082,北京科技大学 Reborn,1,model_design_internal,feature_cutoff=2025-05-26;historical_results_year<2025;preseason_year<=2025_pre_cutoff;technical_awards_year<2025;rating_diff=-153.400;team_a_profile=exact;team_b_profile=exact;team_a_evidence=10;team_b_evidence=14;team_a_school=东华大学;team_a_team=DIODE;team_b_school=北京科技大学;team_b_team=Reborn
pred_rmuc_2025_east_041,rmuc_2025_east_pre_event_v1,rmuc_2025_east_041,2026-05-09T09:42:41Z,2025-05-26,太原工业学院 火线,南京航空航天大学 长空御风,0.229952,0.770048,南京航空航天大学 长空御风,0.770048,0.276002,太原工业学院 火线,0,model_design_internal,feature_cutoff=2025-05-26;historical_results_year<2025;preseason_year<=2025_pre_cutoff;technical_awards_year<2025;rating_diff=-143.155;team_a_profile=exact;team_b_profile=exact;team_a_evidence=14;team_b_evidence=17;team_a_school=太原工业学院;team_a_team=火线;team_b_school=南京航空航天大学;team_b_team=长空御风
pred_rmuc_2025_east_042,rmuc_2025_east_pre_event_v1,rmuc_2025_east_042,2026-05-09T09:42:41Z,2025-05-26,首都师范大学 PIE,中国矿业大学 CUBOT,0.647143,0.352857,首都师范大学 PIE,0.647143,0.371553,首都师范大学 PIE,1,model_design_internal,feature_cutoff=2025-05-26;historical_results_year<2025;preseason_year<=2025_pre_cutoff;technical_awards_year<2025;rating_diff=71.270;team_a_profile=exact;team_b_profile=exact;team_a_evidence=15;team_b_evidence=14;team_a_school=首都师范大学;team_a_team=PIE;team_b_school=中国矿业大学;team_b_team=CUBOT
pred_rmuc_2025_east_043,rmuc_2025_east_pre_event_v1,rmuc_2025_east_043,2026-05-09T09:42:41Z,2025-05-26,河北工业大学 山海机甲,浙江纺织服装职业技术学院 RoboFuture,0.133929,0.866071,浙江纺织服装职业技术学院 RoboFuture,0.866071,0.274313,浙江纺织服装职业技术学院 RoboFuture,1,model_design_internal,feature_cutoff=2025-05-26;historical_results_year<2025;preseason_year<=2025_pre_cutoff;technical_awards_year<2025;rating_diff=-255.330;team_a_profile=exact;team_b_profile=exact;team_a_evidence=1;team_b_evidence=13;team_a_school=河北工业大学;team_a_team=山海机甲;team_b_school=浙江纺织服装职业技术学院;team_b_team=RoboFuture
pred_rmuc_2025_east_044,rmuc_2025_east_pre_event_v1,rmuc_2025_east_044,2026-05-09T09:42:41Z,2025-05-26,同济大学 SuperPower,天津大学 北洋机甲,0.635778,0.364222,同济大学 SuperPower,0.635778,0.382277,同济大学 SuperPower,1,model_design_internal,feature_cutoff=2025-05-26;historical_results_year<2025;preseason_year<=2025_pre_cutoff;technical_awards_year<2025;rating_diff=65.585;team_a_profile=exact;team_b_profile=exact;team_a_evidence=14;team_b_evidence=13;team_a_school=同济大学;team_a_team=SuperPower;team_b_school=天津大学;team_b_team=北洋机甲
pred_rmuc_2025_east_045,rmuc_2025_east_pre_event_v1,rmuc_2025_east_045,2026-05-09T09:42:41Z,2025-05-26,哈尔滨工业大学（威海） HERO,上海工程技术大学 木鸢Birdiebot,0.791226,0.208774,哈尔滨工业大学（威海） HERO,0.791226,0.262256,哈尔滨工业大学（威海） HERO,1,model_design_internal,feature_cutoff=2025-05-26;historical_results_year<2025;preseason_year<=2025_pre_cutoff;technical_awards_year<2025;rating_diff=159.165;team_a_profile=exact;team_b_profile=exact;team_a_evidence=14;team_b_evidence=14;team_a_school=哈尔滨工业大学（威海）;team_a_team=HERO;team_b_school=上海工程技术大学;team_b_team=木鸢Birdiebot
pred_rmuc_2025_east_046,rmuc_2025_east_pre_event_v1,rmuc_2025_east_046,2026-05-09T09:42:41Z,2025-05-26,江苏大学 Aurora,南京理工大学 Alliance,0.114325,0.885675,南京理工大学 Alliance,0.885675,0.246252,南京理工大学 Alliance,1,model_design_internal,feature_cutoff=2025-05-26;historical_results_year<2025;preseason_year<=2025_pre_cutoff;technical_awards_year<2025;rating_diff=-447.910;team_a_profile=exact;team_b_profile=exact;team_a_evidence=1;team_b_evidence=14;team_a_school=江苏大学;team_a_team=Aurora;team_b_school=南京理工大学;team_b_team=Alliance
pred_rmuc_2025_east_047,rmuc_2025_east_pre_event_v1,rmuc_2025_east_047,2026-05-09T09:42:41Z,2025-05-26,西安理工大学 NEXT E,青岛大学 未来,0.442230,0.557770,青岛大学 未来,0.557770,0.474248,西安理工大学 NEXT E,0,model_design_internal,feature_cutoff=2025-05-26;historical_results_year<2025;preseason_year<=2025_pre_cutoff;technical_awards_year<2025;rating_diff=-28.060;team_a_profile=exact;team_b_profile=exact;team_a_evidence=11;team_b_evidence=11;team_a_school=西安理工大学;team_a_team=NEXT E;team_b_school=青岛大学;team_b_team=未来
pred_rmuc_2025_east_048,rmuc_2025_east_pre_event_v1,rmuc_2025_east_048,2026-05-09T09:42:41Z,2025-05-26,燕山大学 燕鹰,上海科技大学 Magician,0.697149,0.302851,燕山大学 燕鹰,0.697149,0.328745,燕山大学 燕鹰,1,model_design_internal,feature_cutoff=2025-05-26;historical_results_year<2025;preseason_year<=2025_pre_cutoff;technical_awards_year<2025;rating_diff=97.640;team_a_profile=exact;team_b_profile=exact;team_a_evidence=14;team_b_evidence=13;team_a_school=燕山大学;team_a_team=燕鹰;team_b_school=上海科技大学;team_b_team=Magician
pred_rmuc_2025_east_049,rmuc_2025_east_pre_event_v1,rmuc_2025_east_049,2026-05-09T09:42:41Z,2025-05-26,大连理工大学 凌BUG,吉林大学 TARS_Go,0.443828,0.556172,吉林大学 TARS_Go,0.556172,0.471953,吉林大学 TARS_Go,1,model_design_internal,feature_cutoff=2025-05-26;historical_results_year<2025;preseason_year<=2025_pre_cutoff;technical_awards_year<2025;rating_diff=-27.245;team_a_profile=exact;team_b_profile=exact;team_a_evidence=14;team_b_evidence=15;team_a_school=大连理工大学;team_a_team=凌BUG;team_b_school=吉林大学;team_b_team=TARS_Go
pred_rmuc_2025_east_050,rmuc_2025_east_pre_event_v1,rmuc_2025_east_050,2026-05-09T09:42:41Z,2025-05-26,华中科技大学 狼牙,辽宁科技大学 COD,0.662799,0.337201,华中科技大学 狼牙,0.662799,0.357430,华中科技大学 狼牙,1,model_design_internal,feature_cutoff=2025-05-26;historical_results_year<2025;preseason_year<=2025_pre_cutoff;technical_awards_year<2025;rating_diff=79.260;team_a_profile=exact;team_b_profile=exact;team_a_evidence=15;team_b_evidence=15;team_a_school=华中科技大学;team_a_team=狼牙;team_b_school=辽宁科技大学;team_b_team=COD
pred_rmuc_2025_east_051,rmuc_2025_east_pre_event_v1,rmuc_2025_east_051,2026-05-09T09:42:41Z,2025-05-26,东南大学 3SE,中北大学 6074,0.670163,0.329837,东南大学 3SE,0.670163,0.351027,东南大学 3SE,1,model_design_internal,feature_cutoff=2025-05-26;historical_results_year<2025;preseason_year<=2025_pre_cutoff;technical_awards_year<2025;rating_diff=83.093;team_a_profile=exact;team_b_profile=school_fallback;team_a_evidence=14;team_b_evidence=13;team_a_school=东南大学;team_a_team=3SE;team_b_school=中北大学;team_b_team=6074
pred_rmuc_2025_east_052,rmuc_2025_east_pre_event_v1,rmuc_2025_east_052,2026-05-09T09:42:41Z,2025-05-26,山东理工大学 齐奇,齐鲁工业大学 Adam,0.584127,0.415873,山东理工大学 齐奇,0.584127,0.439246,齐鲁工业大学 Adam,0,model_design_internal,feature_cutoff=2025-05-26;historical_results_year<2025;preseason_year<=2025_pre_cutoff;technical_awards_year<2025;rating_diff=40.590;team_a_profile=exact;team_b_profile=exact;team_a_evidence=13;team_b_evidence=11;team_a_school=山东理工大学;team_a_team=齐奇;team_b_school=齐鲁工业大学;team_b_team=Adam
pred_rmuc_2025_east_053,rmuc_2025_east_pre_event_v1,rmuc_2025_east_053,2026-05-09T09:42:41Z,2025-05-26,中国石油大学（北京） SPR,北京理工大学 追梦,0.236498,0.763502,北京理工大学 追梦,0.763502,0.280374,中国石油大学（北京） SPR,0,model_design_internal,feature_cutoff=2025-05-26;historical_results_year<2025;preseason_year<=2025_pre_cutoff;technical_awards_year<2025;rating_diff=-138.535;team_a_profile=exact;team_b_profile=exact;team_a_evidence=14;team_b_evidence=15;team_a_school=中国石油大学（北京）;team_a_team=SPR;team_b_school=北京理工大学;team_b_team=追梦
pred_rmuc_2025_east_054,rmuc_2025_east_pre_event_v1,rmuc_2025_east_054,2026-05-09T09:42:41Z,2025-05-26,宁波工程学院 New Legends,北京科技大学 Reborn,0.108386,0.891614,北京科技大学 Reborn,0.891614,0.213256,北京科技大学 Reborn,1,model_design_internal,feature_cutoff=2025-05-26;historical_results_year<2025;preseason_year<=2025_pre_cutoff;technical_awards_year<2025;rating_diff=-387.280;team_a_profile=exact;team_b_profile=exact;team_a_evidence=4;team_b_evidence=14;team_a_school=宁波工程学院;team_a_team=New Legends;team_b_school=北京科技大学;team_b_team=Reborn
pred_rmuc_2025_east_055,rmuc_2025_east_pre_event_v1,rmuc_2025_east_055,2026-05-09T09:42:41Z,2025-05-26,中国矿业大学 CUBOT,浙江纺织服装职业技术学院 RoboFuture,0.606698,0.393302,中国矿业大学 CUBOT,0.606698,0.411775,中国矿业大学 CUBOT,1,model_design_internal,feature_cutoff=2025-05-26;historical_results_year<2025;preseason_year<=2025_pre_cutoff;technical_awards_year<2025;rating_diff=51.370;team_a_profile=exact;team_b_profile=exact;team_a_evidence=14;team_b_evidence=13;team_a_school=中国矿业大学;team_a_team=CUBOT;team_b_school=浙江纺织服装职业技术学院;team_b_team=RoboFuture
pred_rmuc_2025_east_056,rmuc_2025_east_pre_event_v1,rmuc_2025_east_056,2026-05-09T09:42:41Z,2025-05-26,南京航空航天大学 长空御风,同济大学 SuperPower,0.684047,0.315953,南京航空航天大学 长空御风,0.684047,0.339341,同济大学 SuperPower,0,model_design_internal,feature_cutoff=2025-05-26;historical_results_year<2025;preseason_year<=2025_pre_cutoff;technical_awards_year<2025;rating_diff=90.470;team_a_profile=exact;team_b_profile=exact;team_a_evidence=17;team_b_evidence=14;team_a_school=南京航空航天大学;team_a_team=长空御风;team_b_school=同济大学;team_b_team=SuperPower
pred_rmuc_2025_east_057,rmuc_2025_east_pre_event_v1,rmuc_2025_east_057,2026-05-09T09:42:41Z,2025-05-26,哈尔滨工业大学（威海） HERO,南京理工大学 Alliance,0.671168,0.328832,哈尔滨工业大学（威海） HERO,0.671168,0.350164,哈尔滨工业大学（威海） HERO,1,model_design_internal,feature_cutoff=2025-05-26;historical_results_year<2025;preseason_year<=2025_pre_cutoff;technical_awards_year<2025;rating_diff=83.620;team_a_profile=exact;team_b_profile=exact;team_a_evidence=14;team_b_evidence=14;team_a_school=哈尔滨工业大学（威海）;team_a_team=HERO;team_b_school=南京理工大学;team_b_team=Alliance
pred_rmuc_2025_east_058,rmuc_2025_east_pre_event_v1,rmuc_2025_east_058,2026-05-09T09:42:41Z,2025-05-26,天津大学 北洋机甲,河北工业大学 山海机甲,0.885070,0.114930,天津大学 北洋机甲,0.885070,0.249609,天津大学 北洋机甲,1,model_design_internal,feature_cutoff=2025-05-26;historical_results_year<2025;preseason_year<=2025_pre_cutoff;technical_awards_year<2025;rating_diff=396.655;team_a_profile=exact;team_b_profile=exact;team_a_evidence=13;team_b_evidence=1;team_a_school=天津大学;team_a_team=北洋机甲;team_b_school=河北工业大学;team_b_team=山海机甲
pred_rmuc_2025_east_059,rmuc_2025_east_pre_event_v1,rmuc_2025_east_059,2026-05-09T09:42:41Z,2025-05-26,西安理工大学 NEXT E,上海工程技术大学 木鸢Birdiebot,0.210505,0.789495,上海工程技术大学 木鸢Birdiebot,0.789495,0.265471,上海工程技术大学 木鸢Birdiebot,1,model_design_internal,feature_cutoff=2025-05-26;historical_results_year<2025;preseason_year<=2025_pre_cutoff;technical_awards_year<2025;rating_diff=-157.995;team_a_profile=exact;team_b_profile=exact;team_a_evidence=11;team_b_evidence=14;team_a_school=西安理工大学;team_a_team=NEXT E;team_b_school=上海工程技术大学;team_b_team=木鸢Birdiebot
pred_rmuc_2025_east_060,rmuc_2025_east_pre_event_v1,rmuc_2025_east_060,2026-05-09T09:42:41Z,2025-05-26,燕山大学 燕鹰,江苏大学 Aurora,0.884518,0.115482,燕山大学 燕鹰,0.884518,0.252680,燕山大学 燕鹰,1,model_design_internal,feature_cutoff=2025-05-26;historical_results_year<2025;preseason_year<=2025_pre_cutoff;technical_awards_year<2025;rating_diff=364.895;team_a_profile=exact;team_b_profile=exact;team_a_evidence=14;team_b_evidence=1;team_a_school=燕山大学;team_a_team=燕鹰;team_b_school=江苏大学;team_b_team=Aurora
pred_rmuc_2025_east_061,rmuc_2025_east_pre_event_v1,rmuc_2025_east_061,2026-05-09T09:42:41Z,2025-05-26,齐鲁工业大学 Adam,大连理工大学 凌BUG,0.307235,0.692765,大连理工大学 凌BUG,0.692765,0.334382,大连理工大学 凌BUG,1,model_design_internal,feature_cutoff=2025-05-26;historical_results_year<2025;preseason_year<=2025_pre_cutoff;technical_awards_year<2025;rating_diff=-95.315;team_a_profile=exact;team_b_profile=exact;team_a_evidence=11;team_b_evidence=14;team_a_school=齐鲁工业大学;team_a_team=Adam;team_b_school=大连理工大学;team_b_team=凌BUG
pred_rmuc_2025_east_062,rmuc_2025_east_pre_event_v1,rmuc_2025_east_062,2026-05-09T09:42:41Z,2025-05-26,中国石油大学（北京） SPR,辽宁科技大学 COD,0.651473,0.348527,中国石油大学（北京） SPR,0.651473,0.367574,中国石油大学（北京） SPR,1,model_design_internal,feature_cutoff=2025-05-26;historical_results_year<2025;preseason_year<=2025_pre_cutoff;technical_awards_year<2025;rating_diff=73.460;team_a_profile=exact;team_b_profile=exact;team_a_evidence=14;team_b_evidence=15;team_a_school=中国石油大学（北京）;team_a_team=SPR;team_b_school=辽宁科技大学;team_b_team=COD
pred_rmuc_2025_east_063,rmuc_2025_east_pre_event_v1,rmuc_2025_east_063,2026-05-09T09:42:41Z,2025-05-26,中北大学 6099,北京科技大学 Reborn,0.321913,0.678087,北京科技大学 Reborn,0.678087,0.344297,北京科技大学 Reborn,1,model_design_internal,feature_cutoff=2025-05-26;historical_results_year<2025;preseason_year<=2025_pre_cutoff;technical_awards_year<2025;rating_diff=-87.278;team_a_profile=school_fallback;team_b_profile=exact;team_a_evidence=13;team_b_evidence=14;team_a_school=中北大学;team_a_team=6099;team_b_school=北京科技大学;team_b_team=Reborn
pred_rmuc_2025_east_064,rmuc_2025_east_pre_event_v1,rmuc_2025_east_064,2026-05-09T09:42:41Z,2025-05-26,南京航空航天大学 长空御风,浙江纺织服装职业技术学院 RoboFuture,0.893788,0.106212,南京航空航天大学 长空御风,0.893788,0.201176,南京航空航天大学 长空御风,1,model_design_internal,feature_cutoff=2025-05-26;historical_results_year<2025;preseason_year<=2025_pre_cutoff;technical_awards_year<2025;rating_diff=297.380;team_a_profile=exact;team_b_profile=exact;team_a_evidence=17;team_b_evidence=13;team_a_school=南京航空航天大学;team_a_team=长空御风;team_b_school=浙江纺织服装职业技术学院;team_b_team=RoboFuture
pred_rmuc_2025_east_065,rmuc_2025_east_pre_event_v1,rmuc_2025_east_065,2026-05-09T09:42:41Z,2025-05-26,燕山大学 燕鹰,天津大学 北洋机甲,0.434341,0.565659,天津大学 北洋机甲,0.565659,0.459615,天津大学 北洋机甲,1,model_design_internal,feature_cutoff=2025-05-26;historical_results_year<2025;preseason_year<=2025_pre_cutoff;technical_awards_year<2025;rating_diff=-31.760;team_a_profile=exact;team_b_profile=exact;team_a_evidence=14;team_b_evidence=13;team_a_school=燕山大学;team_a_team=燕鹰;team_b_school=天津大学;team_b_team=北洋机甲
pred_rmuc_2025_east_066,rmuc_2025_east_pre_event_v1,rmuc_2025_east_066,2026-05-09T09:42:41Z,2025-05-26,上海工程技术大学 木鸢Birdiebot,南京理工大学 Alliance,0.344432,0.655568,南京理工大学 Alliance,0.655568,0.363863,南京理工大学 Alliance,1,model_design_internal,feature_cutoff=2025-05-26;historical_results_year<2025;preseason_year<=2025_pre_cutoff;technical_awards_year<2025;rating_diff=-75.545;team_a_profile=exact;team_b_profile=exact;team_a_evidence=14;team_b_evidence=14;team_a_school=上海工程技术大学;team_a_team=木鸢Birdiebot;team_b_school=南京理工大学;team_b_team=Alliance
pred_rmuc_2025_east_067,rmuc_2025_east_pre_event_v1,rmuc_2025_east_067,2026-05-09T09:42:41Z,2025-05-26,太原工业学院 火线,北京科技大学 Reborn,0.523868,0.476132,太原工业学院 火线,0.523868,0.481401,太原工业学院 火线,1,model_design_internal,feature_cutoff=2025-05-26;historical_results_year<2025;preseason_year<=2025_pre_cutoff;technical_awards_year<2025;rating_diff=11.555;team_a_profile=exact;team_b_profile=exact;team_a_evidence=14;team_b_evidence=14;team_a_school=太原工业学院;team_a_team=火线;team_b_school=北京科技大学;team_b_team=Reborn
pred_rmuc_2025_east_068,rmuc_2025_east_pre_event_v1,rmuc_2025_east_068,2026-05-09T09:42:41Z,2025-05-26,中国矿业大学 CUBOT,华中科技大学 狼牙,0.323220,0.676780,华中科技大学 狼牙,0.676780,0.309877,中国矿业大学 CUBOT,0,model_design_internal,feature_cutoff=2025-05-26;historical_results_year<2025;preseason_year<=2025_pre_cutoff;technical_awards_year<2025;rating_diff=-85.155;team_a_profile=exact;team_b_profile=exact;team_a_evidence=14;team_b_evidence=15;team_a_school=中国矿业大学;team_a_team=CUBOT;team_b_school=华中科技大学;team_b_team=狼牙
pred_rmuc_2025_east_069,rmuc_2025_east_pre_event_v1,rmuc_2025_east_069,2026-05-09T09:42:41Z,2025-05-26,中国石油大学（北京） SPR,首都师范大学 PIE,0.516629,0.483371,中国石油大学（北京） SPR,0.516629,0.492838,中国石油大学（北京） SPR,1,model_design_internal,feature_cutoff=2025-05-26;historical_results_year<2025;preseason_year<=2025_pre_cutoff;technical_awards_year<2025;rating_diff=8.085;team_a_profile=exact;team_b_profile=exact;team_a_evidence=14;team_b_evidence=15;team_a_school=中国石油大学（北京）;team_a_team=SPR;team_b_school=首都师范大学;team_b_team=PIE
pred_rmuc_2025_east_070,rmuc_2025_east_pre_event_v1,rmuc_2025_east_070,2026-05-09T09:42:41Z,2025-05-26,吉林大学 TARS_Go,南京航空航天大学 长空御风,0.192560,0.807440,南京航空航天大学 长空御风,0.807440,0.217102,南京航空航天大学 长空御风,1,model_design_internal,feature_cutoff=2025-05-26;historical_results_year<2025;preseason_year<=2025_pre_cutoff;technical_awards_year<2025;rating_diff=-168.850;team_a_profile=exact;team_b_profile=exact;team_a_evidence=15;team_b_evidence=17;team_a_school=吉林大学;team_a_team=TARS_Go;team_b_school=南京航空航天大学;team_b_team=长空御风
pred_rmuc_2025_east_071,rmuc_2025_east_pre_event_v1,rmuc_2025_east_071,2026-05-09T09:42:41Z,2025-05-26,大连理工大学 凌BUG,同济大学 SuperPower,0.285513,0.714487,同济大学 SuperPower,0.714487,0.279965,同济大学 SuperPower,1,model_design_internal,feature_cutoff=2025-05-26;historical_results_year<2025;preseason_year<=2025_pre_cutoff;technical_awards_year<2025;rating_diff=-105.625;team_a_profile=exact;team_b_profile=exact;team_a_evidence=14;team_b_evidence=14;team_a_school=大连理工大学;team_a_team=凌BUG;team_b_school=同济大学;team_b_team=SuperPower
pred_rmuc_2025_east_072,rmuc_2025_east_pre_event_v1,rmuc_2025_east_072,2026-05-09T09:42:41Z,2025-05-26,东北大学 TDT,天津大学 北洋机甲,0.888727,0.111273,东北大学 TDT,0.888727,0.169830,东北大学 TDT,1,model_design_internal,feature_cutoff=2025-05-26;historical_results_year<2025;preseason_year<=2025_pre_cutoff;technical_awards_year<2025;rating_diff=270.770;team_a_profile=exact;team_b_profile=exact;team_a_evidence=14;team_b_evidence=13;team_a_school=东北大学;team_a_team=TDT;team_b_school=天津大学;team_b_team=北洋机甲
pred_rmuc_2025_east_073,rmuc_2025_east_pre_event_v1,rmuc_2025_east_073,2026-05-09T09:42:41Z,2025-05-26,哈尔滨工业大学（威海） HERO,东南大学 3SE,0.766275,0.233725,哈尔滨工业大学（威海） HERO,0.766275,0.243371,哈尔滨工业大学（威海） HERO,1,model_design_internal,feature_cutoff=2025-05-26;historical_results_year<2025;preseason_year<=2025_pre_cutoff;technical_awards_year<2025;rating_diff=137.715;team_a_profile=exact;team_b_profile=exact;team_a_evidence=14;team_b_evidence=14;team_a_school=哈尔滨工业大学（威海）;team_a_team=HERO;team_b_school=东南大学;team_b_team=3SE
pred_rmuc_2025_east_074,rmuc_2025_east_pre_event_v1,rmuc_2025_east_074,2026-05-09T09:42:41Z,2025-05-26,南京理工大学 Alliance,山东科技大学 SmartRobot,0.772021,0.227979,南京理工大学 Alliance,0.772021,0.239572,山东科技大学 SmartRobot,0,model_design_internal,feature_cutoff=2025-05-26;historical_results_year<2025;preseason_year<=2025_pre_cutoff;technical_awards_year<2025;rating_diff=141.685;team_a_profile=exact;team_b_profile=exact;team_a_evidence=14;team_b_evidence=13;team_a_school=南京理工大学;team_a_team=Alliance;team_b_school=山东科技大学;team_b_team=SmartRobot
pred_rmuc_2025_east_075,rmuc_2025_east_pre_event_v1,rmuc_2025_east_075,2026-05-09T09:42:41Z,2025-05-26,太原工业学院 火线,中国矿业大学 CUBOT,0.709584,0.290416,太原工业学院 火线,0.709584,0.283679,太原工业学院 火线,1,model_design_internal,feature_cutoff=2025-05-26;historical_results_year<2025;preseason_year<=2025_pre_cutoff;technical_awards_year<2025;rating_diff=102.855;team_a_profile=exact;team_b_profile=exact;team_a_evidence=14;team_b_evidence=14;team_a_school=太原工业学院;team_a_team=火线;team_b_school=中国矿业大学;team_b_team=CUBOT
pred_rmuc_2025_east_076,rmuc_2025_east_pre_event_v1,rmuc_2025_east_076,2026-05-09T09:42:41Z,2025-05-26,南京航空航天大学 长空御风,中国石油大学（北京） SPR,0.804827,0.195173,南京航空航天大学 长空御风,0.804827,0.218710,南京航空航天大学 长空御风,1,model_design_internal,feature_cutoff=2025-05-26;historical_results_year<2025;preseason_year<=2025_pre_cutoff;technical_awards_year<2025;rating_diff=166.655;team_a_profile=exact;team_b_profile=exact;team_a_evidence=17;team_b_evidence=14;team_a_school=南京航空航天大学;team_a_team=长空御风;team_b_school=中国石油大学（北京）;team_b_team=SPR
pred_rmuc_2025_east_077,rmuc_2025_east_pre_event_v1,rmuc_2025_east_077,2026-05-09T09:42:41Z,2025-05-26,同济大学 SuperPower,东北大学 TDT,0.155207,0.844793,东北大学 TDT,0.844793,0.194841,同济大学 SuperPower,0,model_design_internal,feature_cutoff=2025-05-26;historical_results_year<2025;preseason_year<=2025_pre_cutoff;technical_awards_year<2025;rating_diff=-205.185;team_a_profile=exact;team_b_profile=exact;team_a_evidence=14;team_b_evidence=14;team_a_school=同济大学;team_a_team=SuperPower;team_b_school=东北大学;team_b_team=TDT
pred_rmuc_2025_east_078,rmuc_2025_east_pre_event_v1,rmuc_2025_east_078,2026-05-09T09:42:41Z,2025-05-26,山东科技大学 SmartRobot,哈尔滨工业大学（威海） HERO,0.138886,0.861114,哈尔滨工业大学（威海） HERO,0.861114,0.185452,哈尔滨工业大学（威海） HERO,1,model_design_internal,feature_cutoff=2025-05-26;historical_results_year<2025;preseason_year<=2025_pre_cutoff;technical_awards_year<2025;rating_diff=-225.305;team_a_profile=exact;team_b_profile=exact;team_a_evidence=13;team_b_evidence=14;team_a_school=山东科技大学;team_a_team=SmartRobot;team_b_school=哈尔滨工业大学（威海）;team_b_team=HERO
pred_rmuc_2025_east_079,rmuc_2025_east_pre_event_v1,rmuc_2025_east_079,2026-05-09T09:42:41Z,2025-05-26,北京科技大学 Reborn,华中科技大学 狼牙,0.512529,0.487471,北京科技大学 Reborn,0.512529,0.513399,华中科技大学 狼牙,0,model_design_internal,feature_cutoff=2025-05-26;historical_results_year<2025;preseason_year<=2025_pre_cutoff;technical_awards_year<2025;rating_diff=6.145;team_a_profile=exact;team_b_profile=exact;team_a_evidence=14;team_b_evidence=15;team_a_school=北京科技大学;team_a_team=Reborn;team_b_school=华中科技大学;team_b_team=狼牙
pred_rmuc_2025_east_080,rmuc_2025_east_pre_event_v1,rmuc_2025_east_080,2026-05-09T09:42:41Z,2025-05-26,吉林大学 TARS_Go,首都师范大学 PIE,0.512005,0.487995,吉林大学 TARS_Go,0.512005,0.514271,吉林大学 TARS_Go,1,model_design_internal,feature_cutoff=2025-05-26;historical_results_year<2025;preseason_year<=2025_pre_cutoff;technical_awards_year<2025;rating_diff=5.890;team_a_profile=exact;team_b_profile=exact;team_a_evidence=15;team_b_evidence=15;team_a_school=吉林大学;team_a_team=TARS_Go;team_b_school=首都师范大学;team_b_team=PIE
pred_rmuc_2025_east_081,rmuc_2025_east_pre_event_v1,rmuc_2025_east_081,2026-05-09T09:42:41Z,2025-05-26,大连理工大学 凌BUG,天津大学 北洋机甲,0.416104,0.583896,天津大学 北洋机甲,0.583896,0.414521,天津大学 北洋机甲,1,model_design_internal,feature_cutoff=2025-05-26;historical_results_year<2025;preseason_year<=2025_pre_cutoff;technical_awards_year<2025;rating_diff=-40.040;team_a_profile=exact;team_b_profile=exact;team_a_evidence=14;team_b_evidence=13;team_a_school=大连理工大学;team_a_team=凌BUG;team_b_school=天津大学;team_b_team=北洋机甲
pred_rmuc_2025_east_082,rmuc_2025_east_pre_event_v1,rmuc_2025_east_082,2026-05-09T09:42:41Z,2025-05-26,南京理工大学 Alliance,东南大学 3SE,0.613457,0.386543,南京理工大学 Alliance,0.613457,0.382007,东南大学 3SE,0,model_design_internal,feature_cutoff=2025-05-26;historical_results_year<2025;preseason_year<=2025_pre_cutoff;technical_awards_year<2025;rating_diff=54.095;team_a_profile=exact;team_b_profile=exact;team_a_evidence=14;team_b_evidence=14;team_a_school=南京理工大学;team_a_team=Alliance;team_b_school=东南大学;team_b_team=3SE
pred_rmuc_2025_east_083,rmuc_2025_east_pre_event_v1,rmuc_2025_east_083,2026-05-09T09:42:41Z,2025-05-26,太原工业学院 火线,同济大学 SuperPower,0.388132,0.611868,同济大学 SuperPower,0.611868,0.355676,同济大学 SuperPower,1,model_design_internal,feature_cutoff=2025-05-26;historical_results_year<2025;preseason_year<=2025_pre_cutoff;technical_awards_year<2025;rating_diff=-52.685;team_a_profile=exact;team_b_profile=exact;team_a_evidence=14;team_b_evidence=14;team_a_school=太原工业学院;team_a_team=火线;team_b_school=同济大学;team_b_team=SuperPower
pred_rmuc_2025_east_084,rmuc_2025_east_pre_event_v1,rmuc_2025_east_084,2026-05-09T09:42:41Z,2025-05-26,南京航空航天大学 长空御风,哈尔滨工业大学（威海） HERO,0.544469,0.455531,南京航空航天大学 长空御风,0.544469,0.436185,哈尔滨工业大学（威海） HERO,0,model_design_internal,feature_cutoff=2025-05-26;historical_results_year<2025;preseason_year<=2025_pre_cutoff;technical_awards_year<2025;rating_diff=21.180;team_a_profile=exact;team_b_profile=exact;team_a_evidence=17;team_b_evidence=14;team_a_school=南京航空航天大学;team_a_team=长空御风;team_b_school=哈尔滨工业大学（威海）;team_b_team=HERO
pred_rmuc_2025_east_085,rmuc_2025_east_pre_event_v1,rmuc_2025_east_085,2026-05-09T09:42:41Z,2025-05-26,华中科技大学 狼牙,天津大学 北洋机甲,0.490232,0.509768,天津大学 北洋机甲,0.509768,0.518020,天津大学 北洋机甲,1,model_design_internal,feature_cutoff=2025-05-26;historical_results_year<2025;preseason_year<=2025_pre_cutoff;technical_awards_year<2025;rating_diff=-4.800;team_a_profile=exact;team_b_profile=exact;team_a_evidence=15;team_b_evidence=13;team_a_school=华中科技大学;team_a_team=狼牙;team_b_school=天津大学;team_b_team=北洋机甲
pred_rmuc_2025_east_086,rmuc_2025_east_pre_event_v1,rmuc_2025_east_086,2026-05-09T09:42:41Z,2025-05-26,吉林大学 TARS_Go,东南大学 3SE,0.479602,0.520398,东南大学 3SE,0.520398,0.500628,吉林大学 TARS_Go,0,model_design_internal,feature_cutoff=2025-05-26;historical_results_year<2025;preseason_year<=2025_pre_cutoff;technical_awards_year<2025;rating_diff=-9.955;team_a_profile=exact;team_b_profile=exact;team_a_evidence=15;team_b_evidence=14;team_a_school=吉林大学;team_a_team=TARS_Go;team_b_school=东南大学;team_b_team=3SE
pred_rmuc_2025_east_087,rmuc_2025_east_pre_event_v1,rmuc_2025_east_087,2026-05-09T09:42:41Z,2025-05-26,北京科技大学 Reborn,大连理工大学 凌BUG,0.586744,0.413256,北京科技大学 Reborn,0.586744,0.411218,大连理工大学 凌BUG,0,model_design_internal,feature_cutoff=2025-05-26;historical_results_year<2025;preseason_year<=2025_pre_cutoff;technical_awards_year<2025;rating_diff=41.385;team_a_profile=exact;team_b_profile=exact;team_a_evidence=14;team_b_evidence=14;team_a_school=北京科技大学;team_a_team=Reborn;team_b_school=大连理工大学;team_b_team=凌BUG
pred_rmuc_2025_east_088,rmuc_2025_east_pre_event_v1,rmuc_2025_east_088,2026-05-09T09:42:41Z,2025-05-26,首都师范大学 PIE,南京理工大学 Alliance,0.354076,0.645924,南京理工大学 Alliance,0.645924,0.350210,首都师范大学 PIE,0,model_design_internal,feature_cutoff=2025-05-26;historical_results_year<2025;preseason_year<=2025_pre_cutoff;technical_awards_year<2025;rating_diff=-69.940;team_a_profile=exact;team_b_profile=exact;team_a_evidence=15;team_b_evidence=14;team_a_school=首都师范大学;team_a_team=PIE;team_b_school=南京理工大学;team_b_team=Alliance
pred_rmuc_2025_east_089,rmuc_2025_east_pre_event_v1,rmuc_2025_east_089,2026-05-09T09:42:41Z,2025-05-26,太原工业学院 火线,南京航空航天大学 长空御风,0.222878,0.777122,南京航空航天大学 长空御风,0.777122,0.210202,太原工业学院 火线,0,model_design_internal,feature_cutoff=2025-05-26;historical_results_year<2025;preseason_year<=2025_pre_cutoff;technical_awards_year<2025;rating_diff=-143.155;team_a_profile=exact;team_b_profile=exact;team_a_evidence=14;team_b_evidence=17;team_a_school=太原工业学院;team_a_team=火线;team_b_school=南京航空航天大学;team_b_team=长空御风
pred_rmuc_2025_east_090,rmuc_2025_east_pre_event_v1,rmuc_2025_east_090,2026-05-09T09:42:41Z,2025-05-26,天津大学 北洋机甲,吉林大学 TARS_Go,0.526307,0.473693,天津大学 北洋机甲,0.526307,0.491404,吉林大学 TARS_Go,0,model_design_internal,feature_cutoff=2025-05-26;historical_results_year<2025;preseason_year<=2025_pre_cutoff;technical_awards_year<2025;rating_diff=12.795;team_a_profile=exact;team_b_profile=exact;team_a_evidence=13;team_b_evidence=15;team_a_school=天津大学;team_a_team=北洋机甲;team_b_school=吉林大学;team_b_team=TARS_Go
pred_rmuc_2025_east_091,rmuc_2025_east_pre_event_v1,rmuc_2025_east_091,2026-05-09T09:42:41Z,2025-05-26,同济大学 SuperPower,哈尔滨工业大学（威海） HERO,0.352890,0.647110,哈尔滨工业大学（威海） HERO,0.647110,0.309422,同济大学 SuperPower,0,model_design_internal,feature_cutoff=2025-05-26;historical_results_year<2025;preseason_year<=2025_pre_cutoff;technical_awards_year<2025;rating_diff=-69.290;team_a_profile=exact;team_b_profile=exact;team_a_evidence=14;team_b_evidence=14;team_a_school=同济大学;team_a_team=SuperPower;team_b_school=哈尔滨工业大学（威海）;team_b_team=HERO
